subject_id,task,admission number,date of entry,name,quality,age,place of birth,port sailed out of,years at sea,last services,under what circumstances admitted (or nature of complaint),date of discharge,how disposed of,number of days victualled,complete
44121906,1,10.0,4.0,6.0,3.0,7.0,3.0,3.0,3.0,3.0,6.0,4.0,3.0,3.0,True
44121906,2,10.0,4.0,6.0,3.0,7.0,3.0,3.0,3.0,3.0,6.0,4.0,3.0,3.0,True
44121906,3,10.0,4.0,6.0,3.0,7.0,3.0,3.0,3.0,3.0,6.0,4.0,3.0,3.0,True
44121906,4,10.0,4.0,6.0,3.0,7.0,3.0,3.0,3.0,3.0,6.0,4.0,3.0,3.0,True
44121906,5,10.0,4.0,6.0,3.0,7.0,3.0,3.0,3.0,3.0,6.0,4.0,3.0,3.0,True
44121906,7,10.0,4.0,6.0,3.0,7.0,3.0,3.0,3.0,3.0,6.0,4.0,3.0,3.0,True
44121906,8,10.0,4.0,6.0,3.0,7.0,3.0,3.0,3.0,3.0,6.0,4.0,3.0,3.0,True
44121906,9,10.0,4.0,6.0,3.0,7.0,3.0,3.0,3.0,3.0,6.0,4.0,3.0,3.0,True
44121906,10,10.0,4.0,6.0,3.0,7.0,3.0,3.0,3.0,3.0,6.0,4.0,3.0,3.0,True
44121906,11,10.0,4.0,6.0,3.0,7.0,3.0,3.0,3.0,3.0,6.0,4.0,3.0,3.0,True
44121906,13,10.0,4.0,6.0,3.0,7.0,3.0,3.0,3.0,3.0,6.0,4.0,3.0,3.0,True
44121906,14,10.0,4.0,6.0,3.0,7.0,3.0,3.0,3.0,3.0,6.0,4.0,3.0,3.0,True
44121906,15,10.0,4.0,6.0,3.0,7.0,3.0,,3.0,3.0,6.0,4.0,3.0,3.0,True
44121906,16,10.0,4.0,6.0,3.0,7.0,3.0,3.0,3.0,3.0,6.0,4.0,3.0,3.0,True
44121906,17,10.0,4.0,6.0,3.0,7.0,3.0,3.0,3.0,3.0,6.0,4.0,3.0,3.0,True
44121906,19,10.0,4.0,6.0,3.0,7.0,3.0,3.0,3.0,3.0,6.0,4.0,3.0,3.0,True
44121906,20,10.0,4.0,6.0,3.0,7.0,3.0,3.0,3.0,3.0,6.0,4.0,3.0,3.0,True
44121906,21,10.0,4.0,6.0,3.0,7.0,3.0,3.0,3.0,3.0,6.0,4.0,3.0,3.0,True
44121906,22,10.0,4.0,6.0,3.0,7.0,3.0,3.0,3.0,3.0,6.0,4.0,3.0,3.0,True
44121906,23,10.0,4.0,6.0,3.0,7.0,3.0,3.0,3.0,3.0,6.0,4.0,3.0,3.0,True
44121906,25,10.0,4.0,6.0,3.0,7.0,3.0,3.0,3.0,3.0,6.0,4.0,3.0,3.0,True
44121906,26,10.0,4.0,6.0,3.0,7.0,3.0,3.0,3.0,3.0,6.0,3.0,3.0,3.0,True
44121906,27,10.0,4.0,6.0,3.0,7.0,3.0,3.0,3.0,3.0,6.0,4.0,3.0,3.0,True
44121906,28,10.0,4.0,6.0,3.0,7.0,3.0,3.0,3.0,3.0,6.0,4.0,3.0,3.0,True
44121906,29,10.0,4.0,6.0,3.0,7.0,3.0,3.0,3.0,3.0,6.0,4.0,3.0,3.0,True
44121907,1,9.0,6.0,4.0,3.0,7.0,4.0,,3.0,4.0,10.0,4.0,3.0,3.0,True
44121907,2,9.0,6.0,4.0,3.0,7.0,4.0,,3.0,4.0,10.0,4.0,3.0,3.0,True
44121907,3,9.0,6.0,4.0,3.0,7.0,4.0,,3.0,4.0,10.0,4.0,3.0,3.0,True
44121907,4,9.0,6.0,4.0,3.0,7.0,4.0,,3.0,4.0,10.0,4.0,3.0,3.0,True
44121907,5,9.0,6.0,4.0,3.0,7.0,4.0,,3.0,4.0,10.0,4.0,3.0,3.0,True
44121907,7,9.0,6.0,4.0,3.0,7.0,4.0,,3.0,4.0,10.0,4.0,3.0,3.0,True
44121907,8,9.0,6.0,4.0,3.0,7.0,4.0,,3.0,4.0,10.0,4.0,3.0,3.0,True
44121907,9,9.0,6.0,4.0,3.0,7.0,4.0,,3.0,4.0,10.0,4.0,3.0,3.0,True
44121907,10,9.0,6.0,4.0,3.0,7.0,4.0,,3.0,4.0,10.0,4.0,3.0,3.0,True
44121907,11,9.0,6.0,4.0,3.0,7.0,4.0,,3.0,4.0,10.0,4.0,3.0,3.0,True
44121907,13,9.0,6.0,4.0,3.0,7.0,4.0,,3.0,4.0,10.0,4.0,3.0,3.0,True
44121907,14,9.0,6.0,4.0,3.0,7.0,4.0,,3.0,4.0,10.0,4.0,3.0,3.0,True
44121907,15,9.0,6.0,4.0,3.0,7.0,4.0,,3.0,4.0,10.0,4.0,3.0,3.0,True
44121907,16,9.0,6.0,4.0,3.0,7.0,4.0,,3.0,4.0,10.0,4.0,3.0,3.0,True
44121907,17,9.0,6.0,4.0,3.0,7.0,4.0,,3.0,4.0,10.0,4.0,3.0,3.0,True
44121907,19,9.0,6.0,4.0,3.0,7.0,4.0,,3.0,4.0,10.0,4.0,3.0,3.0,True
44121907,20,9.0,6.0,4.0,3.0,7.0,4.0,,3.0,4.0,10.0,4.0,3.0,3.0,True
44121907,21,9.0,6.0,4.0,3.0,7.0,4.0,,3.0,4.0,10.0,4.0,3.0,3.0,True
44121907,22,9.0,6.0,4.0,3.0,7.0,4.0,,3.0,4.0,10.0,4.0,3.0,3.0,True
44121907,23,9.0,6.0,4.0,3.0,7.0,4.0,,3.0,4.0,10.0,4.0,3.0,3.0,True
44121907,25,9.0,6.0,4.0,3.0,7.0,4.0,,3.0,4.0,10.0,4.0,3.0,3.0,True
44121907,26,9.0,6.0,4.0,3.0,7.0,4.0,,3.0,4.0,10.0,4.0,3.0,3.0,True
44121907,27,9.0,6.0,4.0,3.0,7.0,4.0,,3.0,4.0,10.0,3.0,3.0,3.0,True
44121907,28,9.0,6.0,4.0,3.0,7.0,4.0,,3.0,4.0,10.0,4.0,3.0,3.0,True
44121907,29,9.0,6.0,4.0,3.0,7.0,4.0,,3.0,4.0,9.0,4.0,3.0,3.0,True
44121908,1,12.0,4.0,3.0,3.0,4.0,4.0,3.0,3.0,3.0,11.0,5.0,3.0,3.0,True
44121908,2,12.0,4.0,3.0,3.0,4.0,4.0,3.0,3.0,3.0,11.0,5.0,3.0,3.0,True
44121908,3,12.0,4.0,3.0,3.0,4.0,4.0,3.0,3.0,3.0,11.0,5.0,3.0,3.0,True
44121908,4,12.0,4.0,3.0,3.0,4.0,4.0,3.0,3.0,3.0,11.0,5.0,3.0,3.0,True
44121908,5,12.0,4.0,3.0,3.0,4.0,4.0,3.0,3.0,3.0,11.0,5.0,3.0,3.0,True
44121908,7,12.0,4.0,3.0,3.0,4.0,4.0,3.0,3.0,3.0,11.0,5.0,3.0,3.0,True
44121908,8,12.0,4.0,3.0,3.0,4.0,4.0,3.0,3.0,3.0,11.0,5.0,3.0,3.0,True
44121908,9,12.0,4.0,3.0,3.0,4.0,4.0,3.0,3.0,3.0,11.0,5.0,3.0,3.0,True
44121908,10,12.0,4.0,3.0,3.0,4.0,4.0,3.0,3.0,3.0,11.0,5.0,3.0,3.0,True
44121908,11,12.0,4.0,3.0,3.0,4.0,4.0,3.0,3.0,3.0,11.0,5.0,3.0,3.0,True
44121908,13,12.0,4.0,3.0,3.0,4.0,4.0,3.0,3.0,3.0,11.0,5.0,3.0,3.0,True
44121908,14,12.0,4.0,3.0,3.0,4.0,4.0,3.0,3.0,3.0,11.0,5.0,3.0,3.0,True
44121908,15,12.0,4.0,3.0,3.0,4.0,4.0,3.0,3.0,3.0,11.0,5.0,3.0,3.0,True
44121908,16,12.0,4.0,3.0,3.0,4.0,4.0,3.0,3.0,3.0,11.0,5.0,3.0,3.0,True
44121908,17,12.0,4.0,3.0,3.0,4.0,4.0,3.0,3.0,3.0,11.0,5.0,3.0,3.0,True
44121908,19,12.0,4.0,3.0,3.0,4.0,4.0,,3.0,3.0,11.0,5.0,3.0,3.0,True
44121908,20,12.0,4.0,3.0,3.0,4.0,4.0,,3.0,3.0,11.0,5.0,3.0,3.0,True
44121908,21,12.0,4.0,3.0,3.0,4.0,4.0,3.0,3.0,3.0,11.0,5.0,3.0,3.0,True
44121908,22,12.0,4.0,3.0,3.0,4.0,4.0,3.0,3.0,3.0,11.0,5.0,3.0,3.0,True
44121908,23,12.0,4.0,3.0,3.0,4.0,4.0,3.0,3.0,3.0,11.0,5.0,3.0,3.0,True
44121908,25,12.0,4.0,3.0,3.0,4.0,4.0,3.0,3.0,3.0,11.0,5.0,3.0,3.0,True
44121908,26,12.0,4.0,3.0,3.0,4.0,4.0,,3.0,3.0,11.0,5.0,3.0,3.0,True
44121908,27,12.0,4.0,3.0,3.0,4.0,4.0,3.0,3.0,3.0,11.0,5.0,3.0,3.0,True
44121908,28,12.0,4.0,3.0,3.0,4.0,4.0,,3.0,3.0,11.0,5.0,3.0,3.0,True
44121908,29,12.0,4.0,3.0,3.0,4.0,4.0,3.0,3.0,3.0,11.0,5.0,3.0,3.0,True
44121910,1,11.0,3.0,3.0,3.0,9.0,5.0,3.0,4.0,4.0,11.0,5.0,3.0,4.0,True
44121910,2,11.0,3.0,3.0,3.0,9.0,5.0,3.0,4.0,4.0,11.0,5.0,3.0,4.0,True
44121910,3,11.0,3.0,3.0,3.0,9.0,5.0,3.0,4.0,4.0,11.0,5.0,3.0,4.0,True
44121910,4,11.0,3.0,3.0,3.0,9.0,5.0,3.0,4.0,4.0,11.0,5.0,3.0,4.0,True
44121910,5,11.0,3.0,3.0,3.0,9.0,5.0,3.0,4.0,4.0,11.0,5.0,3.0,4.0,True
44121910,7,11.0,3.0,3.0,3.0,9.0,5.0,3.0,4.0,4.0,11.0,5.0,3.0,4.0,True
44121910,8,11.0,3.0,3.0,3.0,9.0,5.0,,4.0,4.0,11.0,5.0,3.0,4.0,True
44121910,9,11.0,3.0,3.0,3.0,9.0,5.0,3.0,4.0,4.0,11.0,5.0,3.0,4.0,True
44121910,10,11.0,3.0,3.0,3.0,9.0,5.0,3.0,4.0,4.0,11.0,5.0,3.0,4.0,True
44121910,11,11.0,3.0,3.0,3.0,9.0,5.0,3.0,4.0,4.0,11.0,5.0,3.0,4.0,True
44121910,13,11.0,3.0,3.0,3.0,9.0,5.0,3.0,4.0,4.0,11.0,5.0,3.0,4.0,True
44121910,14,11.0,3.0,3.0,3.0,9.0,5.0,3.0,4.0,4.0,11.0,5.0,3.0,4.0,True
44121910,15,11.0,3.0,3.0,3.0,9.0,5.0,3.0,4.0,4.0,11.0,5.0,3.0,4.0,True
44121910,16,11.0,3.0,3.0,3.0,9.0,5.0,3.0,4.0,4.0,11.0,5.0,3.0,4.0,True
44121910,17,11.0,3.0,3.0,3.0,9.0,5.0,3.0,4.0,4.0,11.0,5.0,3.0,4.0,True
44121910,19,11.0,3.0,3.0,3.0,9.0,5.0,3.0,4.0,4.0,11.0,5.0,3.0,4.0,True
44121910,20,11.0,3.0,3.0,3.0,9.0,5.0,3.0,4.0,4.0,11.0,5.0,3.0,4.0,True
44121910,21,11.0,3.0,3.0,3.0,9.0,5.0,3.0,4.0,4.0,11.0,5.0,3.0,4.0,True
44121910,22,11.0,3.0,3.0,3.0,9.0,5.0,3.0,4.0,4.0,11.0,5.0,3.0,4.0,True
44121910,23,11.0,3.0,3.0,3.0,9.0,5.0,3.0,4.0,4.0,11.0,5.0,3.0,4.0,True
44121910,25,11.0,3.0,3.0,3.0,9.0,5.0,3.0,4.0,4.0,11.0,5.0,3.0,4.0,True
44121910,26,11.0,3.0,3.0,3.0,9.0,5.0,3.0,4.0,4.0,11.0,5.0,3.0,4.0,True
44121910,27,11.0,3.0,3.0,3.0,9.0,5.0,3.0,4.0,4.0,11.0,5.0,3.0,4.0,True
44121910,28,11.0,3.0,3.0,3.0,9.0,5.0,3.0,4.0,4.0,11.0,5.0,3.0,4.0,True
44121910,29,11.0,3.0,3.0,3.0,9.0,5.0,3.0,4.0,4.0,11.0,5.0,3.0,4.0,True
44121912,1,13.0,4.0,4.0,3.0,8.0,4.0,,3.0,3.0,9.0,4.0,3.0,3.0,True
44121912,2,13.0,4.0,4.0,3.0,8.0,4.0,3.0,3.0,3.0,9.0,4.0,3.0,3.0,True
44121912,3,13.0,4.0,4.0,3.0,8.0,4.0,3.0,3.0,3.0,9.0,4.0,3.0,3.0,True
44121912,4,13.0,4.0,4.0,3.0,8.0,4.0,3.0,3.0,3.0,9.0,4.0,3.0,3.0,True
44121912,5,13.0,4.0,4.0,3.0,8.0,4.0,3.0,3.0,3.0,9.0,4.0,3.0,3.0,True
44121912,7,13.0,4.0,4.0,3.0,8.0,4.0,3.0,3.0,3.0,9.0,4.0,3.0,3.0,True
44121912,8,13.0,4.0,4.0,3.0,8.0,4.0,3.0,3.0,3.0,9.0,4.0,3.0,3.0,True
44121912,9,13.0,4.0,4.0,3.0,8.0,4.0,3.0,3.0,3.0,9.0,4.0,3.0,3.0,True
44121912,10,13.0,4.0,4.0,3.0,8.0,4.0,3.0,3.0,3.0,9.0,4.0,3.0,3.0,True
44121912,11,13.0,4.0,4.0,3.0,8.0,4.0,3.0,3.0,3.0,9.0,4.0,3.0,3.0,True
44121912,13,13.0,4.0,4.0,3.0,8.0,4.0,3.0,3.0,3.0,9.0,4.0,3.0,3.0,True
44121912,14,13.0,4.0,4.0,3.0,8.0,4.0,3.0,3.0,3.0,9.0,4.0,3.0,3.0,True
44121912,15,13.0,4.0,4.0,3.0,8.0,4.0,3.0,3.0,3.0,9.0,4.0,3.0,3.0,True
44121912,16,13.0,4.0,4.0,3.0,8.0,4.0,3.0,3.0,3.0,9.0,4.0,3.0,3.0,True
44121912,17,13.0,4.0,4.0,3.0,8.0,4.0,3.0,3.0,3.0,9.0,4.0,3.0,3.0,True
44121912,19,13.0,4.0,4.0,3.0,8.0,4.0,3.0,3.0,3.0,9.0,4.0,3.0,3.0,True
44121912,20,13.0,4.0,4.0,3.0,8.0,4.0,3.0,3.0,3.0,9.0,4.0,3.0,3.0,True
44121912,21,13.0,4.0,4.0,3.0,8.0,4.0,3.0,3.0,3.0,9.0,4.0,3.0,3.0,True
44121912,22,13.0,4.0,4.0,3.0,8.0,4.0,3.0,3.0,3.0,9.0,4.0,3.0,3.0,True
44121912,23,13.0,4.0,4.0,3.0,8.0,4.0,3.0,3.0,3.0,9.0,4.0,3.0,3.0,True
44121912,25,13.0,4.0,4.0,3.0,8.0,4.0,3.0,3.0,3.0,9.0,4.0,3.0,3.0,True
44121912,26,13.0,4.0,4.0,3.0,8.0,4.0,3.0,3.0,3.0,9.0,4.0,3.0,3.0,True
44121912,27,13.0,4.0,4.0,3.0,8.0,4.0,3.0,3.0,3.0,9.0,4.0,3.0,3.0,True
44121912,28,13.0,4.0,4.0,3.0,8.0,4.0,3.0,3.0,3.0,9.0,4.0,3.0,3.0,True
44121912,29,13.0,4.0,4.0,3.0,8.0,4.0,3.0,3.0,3.0,8.0,4.0,3.0,3.0,True
44121914,1,9.0,6.0,6.0,4.0,10.0,5.0,3.0,3.0,3.0,8.0,4.0,3.0,3.0,True
44121914,2,9.0,6.0,6.0,4.0,10.0,5.0,3.0,3.0,3.0,8.0,4.0,3.0,3.0,True
44121914,3,9.0,6.0,6.0,4.0,10.0,5.0,,3.0,3.0,8.0,4.0,3.0,3.0,True
44121914,4,9.0,6.0,6.0,4.0,10.0,5.0,,3.0,3.0,8.0,4.0,3.0,3.0,True
44121914,5,9.0,6.0,6.0,4.0,10.0,5.0,3.0,3.0,3.0,8.0,4.0,3.0,3.0,True
44121914,7,9.0,6.0,6.0,4.0,10.0,5.0,3.0,3.0,3.0,8.0,4.0,3.0,3.0,True
44121914,8,9.0,6.0,6.0,4.0,10.0,5.0,3.0,3.0,3.0,8.0,4.0,3.0,3.0,True
44121914,9,9.0,6.0,6.0,4.0,10.0,5.0,3.0,3.0,3.0,8.0,4.0,3.0,3.0,True
44121914,10,9.0,6.0,6.0,4.0,10.0,5.0,3.0,3.0,3.0,8.0,4.0,3.0,3.0,True
44121914,11,9.0,6.0,6.0,4.0,10.0,5.0,3.0,3.0,3.0,8.0,4.0,3.0,3.0,True
44121914,13,9.0,6.0,6.0,4.0,10.0,5.0,3.0,3.0,3.0,8.0,4.0,3.0,3.0,True
44121914,14,9.0,6.0,6.0,4.0,10.0,5.0,3.0,3.0,3.0,8.0,4.0,3.0,3.0,True
44121914,15,9.0,6.0,6.0,4.0,10.0,5.0,3.0,3.0,3.0,8.0,4.0,3.0,3.0,True
44121914,16,9.0,6.0,6.0,4.0,10.0,5.0,3.0,3.0,3.0,8.0,4.0,3.0,3.0,True
44121914,17,9.0,6.0,6.0,4.0,10.0,5.0,3.0,3.0,3.0,8.0,4.0,3.0,3.0,True
44121914,19,9.0,6.0,6.0,4.0,10.0,5.0,3.0,3.0,3.0,8.0,4.0,3.0,3.0,True
44121914,20,9.0,6.0,6.0,4.0,10.0,5.0,3.0,3.0,3.0,8.0,4.0,3.0,3.0,True
44121914,21,9.0,6.0,6.0,4.0,10.0,5.0,3.0,3.0,3.0,8.0,4.0,3.0,3.0,True
44121914,22,9.0,6.0,6.0,4.0,10.0,5.0,3.0,3.0,3.0,8.0,4.0,3.0,3.0,True
44121914,23,9.0,6.0,6.0,4.0,10.0,5.0,3.0,3.0,3.0,8.0,4.0,3.0,3.0,True
44121914,25,9.0,6.0,6.0,4.0,10.0,5.0,3.0,3.0,3.0,8.0,4.0,3.0,3.0,True
44121914,26,9.0,6.0,6.0,4.0,10.0,5.0,3.0,3.0,3.0,8.0,4.0,3.0,3.0,True
44121914,27,9.0,6.0,6.0,4.0,10.0,5.0,,3.0,3.0,8.0,4.0,3.0,3.0,True
44121914,28,9.0,6.0,6.0,4.0,10.0,5.0,3.0,3.0,3.0,8.0,4.0,3.0,3.0,True
44121914,29,9.0,6.0,6.0,4.0,10.0,5.0,,3.0,3.0,8.0,4.0,3.0,3.0,True
44121918,1,11.0,3.0,5.0,3.0,6.0,4.0,3.0,4.0,3.0,10.0,3.0,3.0,3.0,True
44121918,2,11.0,3.0,5.0,3.0,6.0,4.0,3.0,4.0,3.0,10.0,3.0,3.0,3.0,True
44121918,3,11.0,3.0,5.0,3.0,6.0,4.0,3.0,4.0,3.0,10.0,3.0,3.0,3.0,True
44121918,4,11.0,3.0,5.0,3.0,6.0,4.0,,4.0,3.0,10.0,3.0,3.0,3.0,True
44121918,5,11.0,3.0,5.0,3.0,6.0,4.0,3.0,4.0,3.0,10.0,3.0,3.0,3.0,True
44121918,7,11.0,3.0,5.0,3.0,6.0,4.0,3.0,4.0,3.0,10.0,3.0,3.0,3.0,True
44121918,8,11.0,3.0,5.0,3.0,6.0,4.0,3.0,4.0,3.0,10.0,3.0,3.0,3.0,True
44121918,9,11.0,3.0,5.0,3.0,6.0,4.0,3.0,4.0,3.0,10.0,3.0,3.0,3.0,True
44121918,10,11.0,3.0,5.0,3.0,6.0,4.0,3.0,4.0,3.0,10.0,3.0,3.0,3.0,True
44121918,11,11.0,3.0,5.0,3.0,6.0,4.0,3.0,4.0,3.0,10.0,3.0,3.0,3.0,True
44121918,13,11.0,3.0,5.0,3.0,6.0,4.0,3.0,4.0,3.0,10.0,3.0,3.0,3.0,True
44121918,14,11.0,3.0,5.0,3.0,6.0,4.0,3.0,4.0,3.0,10.0,3.0,3.0,3.0,True
44121918,15,11.0,3.0,5.0,3.0,6.0,4.0,,4.0,3.0,10.0,3.0,3.0,3.0,True
44121918,16,11.0,3.0,5.0,3.0,6.0,4.0,3.0,4.0,3.0,10.0,3.0,3.0,3.0,True
44121918,17,11.0,3.0,5.0,3.0,6.0,4.0,3.0,4.0,3.0,10.0,3.0,3.0,3.0,True
44121918,19,11.0,3.0,5.0,3.0,6.0,4.0,3.0,4.0,3.0,10.0,3.0,3.0,3.0,True
44121918,20,11.0,3.0,5.0,3.0,6.0,4.0,3.0,4.0,3.0,10.0,3.0,3.0,3.0,True
44121918,21,11.0,3.0,5.0,3.0,6.0,4.0,3.0,4.0,3.0,10.0,3.0,3.0,3.0,True
44121918,22,11.0,3.0,5.0,3.0,6.0,4.0,3.0,4.0,3.0,10.0,3.0,3.0,3.0,True
44121918,23,11.0,3.0,5.0,3.0,6.0,4.0,,4.0,3.0,10.0,3.0,3.0,3.0,True
44121918,25,11.0,3.0,5.0,3.0,6.0,4.0,3.0,4.0,3.0,10.0,3.0,3.0,3.0,True
44121918,26,11.0,3.0,5.0,3.0,6.0,4.0,3.0,4.0,3.0,10.0,3.0,3.0,3.0,True
44121918,27,11.0,3.0,5.0,3.0,6.0,4.0,3.0,4.0,3.0,10.0,3.0,3.0,3.0,True
44121918,28,11.0,3.0,5.0,3.0,6.0,4.0,3.0,4.0,3.0,10.0,3.0,3.0,3.0,True
44121918,29,11.0,3.0,5.0,3.0,6.0,4.0,3.0,4.0,3.0,10.0,3.0,3.0,3.0,True
44121920,1,8.0,4.0,3.0,3.0,6.0,4.0,3.0,3.0,3.0,5.0,3.0,3.0,3.0,True
44121920,2,8.0,4.0,3.0,3.0,6.0,4.0,3.0,3.0,3.0,5.0,3.0,3.0,3.0,True
44121920,3,8.0,4.0,3.0,3.0,6.0,4.0,3.0,3.0,3.0,5.0,3.0,3.0,3.0,True
44121920,4,8.0,4.0,3.0,3.0,6.0,4.0,3.0,3.0,3.0,5.0,3.0,3.0,3.0,True
44121920,5,8.0,4.0,3.0,3.0,6.0,4.0,3.0,3.0,3.0,5.0,3.0,3.0,3.0,True
44121920,7,8.0,4.0,3.0,3.0,6.0,4.0,3.0,3.0,3.0,5.0,3.0,3.0,3.0,True
44121920,8,8.0,4.0,3.0,3.0,6.0,4.0,3.0,3.0,3.0,5.0,3.0,3.0,3.0,True
44121920,9,8.0,4.0,3.0,3.0,6.0,4.0,3.0,3.0,3.0,5.0,3.0,3.0,3.0,True
44121920,10,8.0,4.0,3.0,3.0,6.0,4.0,3.0,3.0,3.0,5.0,3.0,3.0,3.0,True
44121920,11,8.0,4.0,3.0,3.0,6.0,4.0,3.0,3.0,3.0,5.0,3.0,3.0,3.0,True
44121920,13,8.0,4.0,3.0,3.0,6.0,4.0,3.0,3.0,3.0,5.0,3.0,3.0,3.0,True
44121920,14,8.0,4.0,3.0,3.0,6.0,4.0,3.0,3.0,3.0,5.0,3.0,3.0,3.0,True
44121920,15,8.0,4.0,3.0,3.0,6.0,4.0,3.0,3.0,3.0,5.0,3.0,3.0,3.0,True
44121920,16,8.0,4.0,3.0,3.0,6.0,4.0,3.0,3.0,3.0,5.0,3.0,3.0,3.0,True
44121920,17,8.0,4.0,3.0,3.0,6.0,4.0,,3.0,3.0,5.0,3.0,3.0,3.0,True
44121920,19,8.0,4.0,3.0,3.0,6.0,4.0,3.0,3.0,3.0,5.0,3.0,3.0,3.0,True
44121920,20,8.0,4.0,3.0,3.0,6.0,4.0,3.0,3.0,3.0,5.0,3.0,3.0,3.0,True
44121920,21,8.0,4.0,3.0,3.0,6.0,4.0,3.0,3.0,3.0,5.0,3.0,3.0,3.0,True
44121920,22,8.0,4.0,3.0,3.0,6.0,4.0,3.0,3.0,3.0,5.0,3.0,3.0,3.0,True
44121920,23,8.0,4.0,3.0,3.0,6.0,4.0,,3.0,3.0,5.0,3.0,3.0,3.0,True
44121920,25,8.0,4.0,3.0,3.0,6.0,4.0,3.0,3.0,3.0,5.0,3.0,3.0,3.0,True
44121920,26,8.0,4.0,3.0,3.0,6.0,4.0,3.0,3.0,3.0,5.0,3.0,3.0,3.0,True
44121920,27,8.0,4.0,3.0,3.0,6.0,4.0,,3.0,3.0,5.0,3.0,3.0,3.0,True
44121920,28,8.0,4.0,3.0,3.0,6.0,4.0,3.0,3.0,3.0,5.0,3.0,3.0,3.0,True
44121920,29,8.0,4.0,3.0,3.0,6.0,4.0,3.0,3.0,3.0,5.0,3.0,3.0,3.0,True
44121923,1,8.0,4.0,6.0,3.0,8.0,3.0,3.0,3.0,3.0,16.0,3.0,3.0,3.0,True
44121923,2,8.0,4.0,6.0,3.0,8.0,3.0,3.0,3.0,3.0,16.0,3.0,3.0,3.0,True
44121923,3,8.0,4.0,6.0,3.0,8.0,3.0,3.0,3.0,3.0,16.0,3.0,3.0,3.0,True
44121923,4,8.0,4.0,6.0,3.0,8.0,3.0,3.0,3.0,3.0,16.0,3.0,3.0,3.0,True
44121923,5,8.0,4.0,6.0,3.0,8.0,3.0,3.0,3.0,3.0,16.0,3.0,3.0,3.0,True
44121923,7,8.0,4.0,6.0,3.0,8.0,3.0,3.0,3.0,3.0,16.0,3.0,3.0,3.0,True
44121923,8,8.0,4.0,6.0,3.0,8.0,3.0,3.0,3.0,3.0,16.0,3.0,3.0,3.0,True
44121923,9,8.0,4.0,6.0,3.0,8.0,3.0,3.0,3.0,3.0,16.0,3.0,3.0,3.0,True
44121923,10,8.0,4.0,6.0,3.0,8.0,3.0,3.0,3.0,3.0,16.0,3.0,3.0,3.0,True
44121923,11,8.0,4.0,6.0,3.0,8.0,3.0,3.0,3.0,3.0,16.0,3.0,3.0,3.0,True
44121923,13,8.0,4.0,6.0,3.0,8.0,3.0,3.0,3.0,3.0,16.0,3.0,3.0,3.0,True
44121923,14,8.0,4.0,6.0,3.0,8.0,3.0,3.0,3.0,3.0,16.0,3.0,3.0,3.0,True
44121923,15,8.0,4.0,6.0,3.0,8.0,3.0,3.0,3.0,3.0,16.0,3.0,3.0,3.0,True
44121923,16,8.0,4.0,6.0,3.0,8.0,3.0,,3.0,3.0,16.0,3.0,3.0,3.0,True
44121923,17,8.0,4.0,6.0,3.0,8.0,3.0,3.0,3.0,3.0,16.0,3.0,3.0,3.0,True
44121923,19,8.0,4.0,6.0,3.0,8.0,3.0,3.0,3.0,3.0,16.0,3.0,3.0,3.0,True
44121923,20,8.0,4.0,6.0,3.0,8.0,3.0,3.0,3.0,3.0,16.0,3.0,3.0,3.0,True
44121923,21,8.0,4.0,6.0,3.0,8.0,3.0,3.0,3.0,3.0,16.0,3.0,3.0,3.0,True
44121923,22,8.0,4.0,6.0,3.0,8.0,3.0,3.0,3.0,3.0,16.0,3.0,3.0,3.0,True
44121923,23,8.0,4.0,6.0,3.0,8.0,3.0,3.0,3.0,3.0,16.0,3.0,3.0,3.0,True
44121923,25,8.0,4.0,6.0,3.0,8.0,3.0,3.0,3.0,3.0,16.0,3.0,3.0,3.0,True
44121923,26,8.0,4.0,6.0,3.0,8.0,3.0,3.0,3.0,3.0,16.0,3.0,3.0,3.0,True
44121923,27,8.0,4.0,6.0,3.0,8.0,3.0,3.0,3.0,3.0,16.0,3.0,3.0,3.0,True
44121923,28,8.0,4.0,6.0,3.0,8.0,3.0,3.0,3.0,3.0,16.0,3.0,3.0,3.0,True
44121923,29,8.0,4.0,6.0,3.0,8.0,3.0,3.0,3.0,3.0,16.0,3.0,3.0,3.0,True
44121936,1,7.0,5.0,3.0,3.0,8.0,4.0,,3.0,5.0,7.0,4.0,3.0,3.0,True
44121936,2,7.0,5.0,3.0,3.0,8.0,4.0,,3.0,5.0,7.0,4.0,3.0,3.0,True
44121936,3,7.0,5.0,3.0,3.0,8.0,4.0,,3.0,5.0,7.0,4.0,3.0,3.0,True
44121936,4,7.0,5.0,3.0,3.0,8.0,4.0,,3.0,5.0,7.0,4.0,3.0,3.0,True
44121936,5,7.0,5.0,3.0,3.0,8.0,4.0,,3.0,5.0,7.0,4.0,3.0,3.0,True
44121936,7,7.0,5.0,3.0,3.0,8.0,4.0,,3.0,5.0,7.0,4.0,3.0,3.0,True
44121936,8,7.0,5.0,3.0,3.0,8.0,4.0,,3.0,5.0,7.0,4.0,3.0,3.0,True
44121936,9,7.0,5.0,3.0,3.0,8.0,4.0,,3.0,5.0,7.0,4.0,3.0,3.0,True
44121936,10,7.0,5.0,3.0,3.0,8.0,4.0,,3.0,5.0,7.0,4.0,3.0,3.0,True
44121936,11,7.0,5.0,3.0,3.0,8.0,4.0,,3.0,5.0,7.0,4.0,3.0,3.0,True
44121936,13,7.0,5.0,3.0,3.0,8.0,4.0,,3.0,5.0,7.0,4.0,3.0,3.0,True
44121936,14,7.0,5.0,3.0,3.0,8.0,4.0,,3.0,5.0,7.0,4.0,3.0,3.0,True
44121936,15,7.0,5.0,3.0,3.0,8.0,4.0,,3.0,5.0,7.0,4.0,3.0,3.0,True
44121936,16,7.0,5.0,3.0,3.0,8.0,4.0,,3.0,5.0,7.0,4.0,3.0,3.0,True
44121936,17,7.0,5.0,3.0,3.0,8.0,4.0,,3.0,5.0,7.0,4.0,3.0,3.0,True
44121936,19,7.0,5.0,3.0,3.0,8.0,4.0,,3.0,5.0,7.0,4.0,3.0,3.0,True
44121936,20,7.0,5.0,3.0,3.0,8.0,4.0,,3.0,5.0,7.0,4.0,3.0,3.0,True
44121936,21,7.0,5.0,3.0,3.0,8.0,4.0,,3.0,5.0,7.0,4.0,3.0,3.0,True
44121936,22,7.0,5.0,3.0,3.0,8.0,4.0,,3.0,5.0,7.0,4.0,3.0,3.0,True
44121936,23,7.0,5.0,3.0,3.0,8.0,4.0,,3.0,5.0,7.0,4.0,3.0,3.0,True
44121936,25,7.0,5.0,3.0,3.0,8.0,4.0,,3.0,5.0,7.0,4.0,3.0,3.0,True
44121936,26,7.0,5.0,3.0,3.0,8.0,4.0,,3.0,5.0,7.0,4.0,3.0,3.0,True
44121936,27,7.0,5.0,3.0,3.0,8.0,4.0,,3.0,5.0,7.0,4.0,3.0,3.0,True
44121936,28,7.0,5.0,3.0,3.0,8.0,4.0,,3.0,5.0,7.0,4.0,3.0,3.0,True
44121936,29,7.0,5.0,3.0,3.0,8.0,4.0,,3.0,5.0,7.0,4.0,3.0,3.0,True
44121943,1,7.0,4.0,4.0,3.0,5.0,3.0,,3.0,3.0,8.0,3.0,3.0,4.0,True
44121943,2,7.0,4.0,4.0,3.0,5.0,3.0,,3.0,3.0,8.0,3.0,3.0,4.0,True
44121943,3,7.0,4.0,4.0,3.0,5.0,3.0,,3.0,3.0,8.0,3.0,3.0,4.0,True
44121943,4,7.0,4.0,3.0,3.0,5.0,3.0,,3.0,3.0,8.0,3.0,3.0,4.0,True
44121943,5,7.0,4.0,4.0,3.0,5.0,3.0,,3.0,3.0,8.0,3.0,3.0,4.0,True
44121943,7,7.0,4.0,4.0,3.0,5.0,3.0,,3.0,3.0,8.0,3.0,3.0,4.0,True
44121943,8,7.0,4.0,4.0,3.0,5.0,3.0,,3.0,3.0,8.0,3.0,3.0,4.0,True
44121943,9,7.0,4.0,4.0,3.0,5.0,3.0,,3.0,3.0,8.0,3.0,3.0,4.0,True
44121943,10,7.0,4.0,4.0,3.0,5.0,3.0,,3.0,3.0,8.0,3.0,3.0,4.0,True
44121943,11,7.0,4.0,4.0,3.0,5.0,3.0,,3.0,3.0,8.0,3.0,3.0,4.0,True
44121943,13,7.0,4.0,4.0,3.0,5.0,3.0,,3.0,3.0,8.0,3.0,3.0,4.0,True
44121943,14,7.0,4.0,4.0,3.0,5.0,3.0,,3.0,3.0,8.0,3.0,3.0,4.0,True
44121943,15,7.0,4.0,4.0,3.0,5.0,3.0,,3.0,3.0,8.0,3.0,3.0,4.0,True
44121943,16,7.0,4.0,4.0,3.0,5.0,3.0,,3.0,3.0,8.0,3.0,3.0,4.0,True
44121943,17,7.0,4.0,4.0,3.0,5.0,3.0,,3.0,3.0,8.0,3.0,3.0,4.0,True
44121943,19,7.0,4.0,4.0,3.0,5.0,3.0,,3.0,3.0,8.0,3.0,3.0,4.0,True
44121943,20,7.0,4.0,4.0,3.0,5.0,3.0,,3.0,3.0,8.0,3.0,3.0,4.0,True
44121943,21,7.0,4.0,4.0,3.0,5.0,3.0,,3.0,3.0,8.0,3.0,3.0,4.0,True
44121943,22,7.0,4.0,4.0,3.0,5.0,3.0,,3.0,3.0,8.0,3.0,3.0,4.0,True
44121943,23,7.0,4.0,4.0,3.0,5.0,3.0,,3.0,3.0,8.0,3.0,3.0,4.0,True
44121943,25,7.0,4.0,4.0,3.0,5.0,3.0,,3.0,3.0,8.0,3.0,3.0,4.0,True
44121943,26,7.0,4.0,4.0,3.0,5.0,3.0,,3.0,3.0,8.0,3.0,3.0,4.0,True
44121943,27,7.0,4.0,4.0,3.0,5.0,3.0,,3.0,3.0,8.0,3.0,3.0,4.0,True
44121943,28,7.0,4.0,4.0,3.0,5.0,3.0,,3.0,3.0,8.0,3.0,3.0,4.0,True
44121943,29,7.0,4.0,4.0,3.0,5.0,3.0,,3.0,3.0,8.0,3.0,3.0,4.0,True
44121946,1,8.0,6.0,5.0,3.0,5.0,3.0,,3.0,3.0,11.0,4.0,4.0,4.0,True
44121946,2,8.0,6.0,5.0,3.0,5.0,3.0,,3.0,3.0,11.0,4.0,4.0,4.0,True
44121946,3,8.0,6.0,5.0,3.0,5.0,3.0,,3.0,3.0,11.0,4.0,4.0,4.0,True
44121946,4,8.0,6.0,5.0,3.0,5.0,3.0,,3.0,3.0,11.0,4.0,4.0,4.0,True
44121946,5,8.0,6.0,5.0,3.0,5.0,3.0,,3.0,3.0,11.0,4.0,4.0,4.0,True
44121946,7,8.0,6.0,5.0,3.0,5.0,3.0,,3.0,3.0,11.0,4.0,4.0,4.0,True
44121946,8,8.0,6.0,5.0,3.0,5.0,3.0,,3.0,3.0,11.0,4.0,4.0,4.0,True
44121946,9,8.0,6.0,5.0,3.0,5.0,3.0,,3.0,3.0,11.0,4.0,4.0,4.0,True
44121946,10,8.0,6.0,5.0,3.0,5.0,3.0,,3.0,3.0,11.0,4.0,4.0,4.0,True
44121946,11,8.0,6.0,5.0,3.0,5.0,3.0,,3.0,3.0,11.0,4.0,4.0,4.0,True
44121946,13,8.0,6.0,5.0,3.0,5.0,3.0,,3.0,3.0,11.0,4.0,4.0,4.0,True
44121946,14,8.0,6.0,5.0,3.0,5.0,3.0,,3.0,3.0,11.0,4.0,4.0,4.0,True
44121946,15,8.0,6.0,5.0,3.0,5.0,3.0,,3.0,3.0,11.0,4.0,4.0,4.0,True
44121946,16,8.0,6.0,5.0,3.0,5.0,3.0,,3.0,3.0,11.0,4.0,4.0,4.0,True
44121946,17,8.0,6.0,5.0,3.0,5.0,3.0,,3.0,3.0,11.0,4.0,4.0,4.0,True
44121946,19,8.0,6.0,5.0,3.0,5.0,3.0,,3.0,3.0,11.0,4.0,4.0,4.0,True
44121946,20,8.0,6.0,5.0,3.0,5.0,3.0,,3.0,3.0,11.0,4.0,4.0,4.0,True
44121946,21,8.0,6.0,5.0,3.0,5.0,3.0,,3.0,3.0,11.0,4.0,4.0,4.0,True
44121946,22,8.0,6.0,5.0,3.0,5.0,3.0,,3.0,3.0,11.0,4.0,4.0,4.0,True
44121946,23,8.0,6.0,5.0,3.0,5.0,3.0,,3.0,3.0,11.0,4.0,4.0,4.0,True
44121946,25,8.0,6.0,5.0,3.0,5.0,3.0,,3.0,3.0,11.0,4.0,4.0,4.0,True
44121946,26,8.0,6.0,5.0,3.0,5.0,3.0,,3.0,3.0,11.0,4.0,4.0,4.0,True
44121946,27,8.0,6.0,5.0,3.0,5.0,3.0,,3.0,3.0,11.0,4.0,4.0,4.0,True
44121946,28,8.0,6.0,5.0,3.0,5.0,3.0,,3.0,3.0,11.0,4.0,4.0,4.0,True
44121946,29,8.0,6.0,5.0,3.0,5.0,3.0,,3.0,3.0,11.0,4.0,4.0,4.0,True
44121950,1,7.0,5.0,3.0,3.0,7.0,4.0,,3.0,3.0,7.0,3.0,4.0,3.0,True
44121950,2,7.0,5.0,3.0,3.0,7.0,4.0,,3.0,3.0,7.0,3.0,4.0,3.0,True
44121950,3,7.0,5.0,3.0,3.0,7.0,4.0,,3.0,3.0,7.0,3.0,4.0,3.0,True
44121950,4,7.0,5.0,3.0,3.0,7.0,4.0,,3.0,3.0,7.0,3.0,4.0,3.0,True
44121950,5,7.0,5.0,3.0,3.0,7.0,4.0,,3.0,3.0,7.0,3.0,4.0,3.0,True
44121950,7,7.0,5.0,3.0,3.0,7.0,4.0,,3.0,3.0,7.0,3.0,4.0,3.0,True
44121950,8,7.0,5.0,3.0,3.0,7.0,4.0,,3.0,3.0,7.0,3.0,4.0,3.0,True
44121950,9,7.0,5.0,3.0,3.0,7.0,4.0,,3.0,3.0,7.0,3.0,4.0,3.0,True
44121950,10,7.0,5.0,3.0,3.0,7.0,4.0,,3.0,3.0,7.0,3.0,4.0,3.0,True
44121950,11,7.0,5.0,3.0,3.0,7.0,4.0,,3.0,3.0,7.0,3.0,4.0,3.0,True
44121950,13,7.0,5.0,3.0,3.0,7.0,4.0,,3.0,3.0,7.0,3.0,4.0,3.0,True
44121950,14,7.0,5.0,3.0,3.0,7.0,4.0,,3.0,3.0,7.0,3.0,4.0,3.0,True
44121950,15,7.0,5.0,3.0,3.0,7.0,4.0,,3.0,3.0,7.0,3.0,4.0,3.0,True
44121950,16,7.0,5.0,3.0,3.0,7.0,4.0,,3.0,3.0,7.0,3.0,4.0,3.0,True
44121950,17,7.0,5.0,3.0,3.0,7.0,4.0,,3.0,3.0,7.0,3.0,4.0,3.0,True
44121950,19,7.0,5.0,3.0,3.0,7.0,4.0,,3.0,3.0,7.0,3.0,4.0,3.0,True
44121950,20,7.0,5.0,3.0,3.0,7.0,4.0,,3.0,3.0,7.0,3.0,4.0,3.0,True
44121950,21,7.0,5.0,3.0,3.0,7.0,4.0,,3.0,3.0,7.0,3.0,4.0,3.0,True
44121950,22,7.0,5.0,3.0,3.0,7.0,4.0,,3.0,3.0,7.0,3.0,4.0,3.0,True
44121950,23,7.0,5.0,3.0,3.0,7.0,4.0,,3.0,3.0,7.0,3.0,4.0,3.0,True
44121950,25,7.0,5.0,3.0,3.0,7.0,4.0,,3.0,3.0,7.0,3.0,4.0,3.0,True
44121950,26,7.0,5.0,3.0,3.0,7.0,4.0,,3.0,3.0,7.0,3.0,4.0,3.0,True
44121950,27,7.0,5.0,3.0,3.0,7.0,4.0,,3.0,3.0,7.0,3.0,4.0,3.0,True
44121950,28,7.0,5.0,3.0,3.0,7.0,4.0,,3.0,3.0,7.0,3.0,4.0,3.0,True
44121950,29,7.0,5.0,3.0,3.0,7.0,4.0,,3.0,3.0,7.0,3.0,4.0,3.0,True
44121952,1,10.0,7.0,6.0,3.0,5.0,5.0,,3.0,3.0,5.0,4.0,4.0,4.0,True
44121952,2,10.0,7.0,7.0,3.0,5.0,5.0,,3.0,3.0,5.0,4.0,4.0,4.0,True
44121952,3,10.0,7.0,7.0,3.0,5.0,5.0,,3.0,3.0,5.0,4.0,4.0,4.0,True
44121952,4,10.0,7.0,7.0,3.0,5.0,5.0,,3.0,3.0,5.0,4.0,4.0,4.0,True
44121952,5,10.0,7.0,7.0,3.0,5.0,5.0,,3.0,3.0,5.0,4.0,4.0,4.0,True
44121952,7,10.0,7.0,7.0,3.0,5.0,5.0,,3.0,3.0,5.0,4.0,4.0,4.0,True
44121952,8,10.0,7.0,6.0,3.0,5.0,5.0,,3.0,3.0,5.0,4.0,4.0,4.0,True
44121952,9,10.0,7.0,7.0,3.0,5.0,5.0,,3.0,3.0,5.0,4.0,4.0,4.0,True
44121952,10,10.0,7.0,7.0,3.0,5.0,5.0,,3.0,3.0,5.0,4.0,4.0,4.0,True
44121952,11,10.0,7.0,7.0,3.0,5.0,5.0,,3.0,3.0,5.0,4.0,4.0,4.0,True
44121952,13,10.0,7.0,7.0,3.0,5.0,5.0,,3.0,3.0,5.0,4.0,4.0,4.0,True
44121952,14,10.0,7.0,7.0,3.0,5.0,5.0,,3.0,3.0,5.0,4.0,4.0,4.0,True
44121952,15,10.0,7.0,7.0,3.0,5.0,5.0,,3.0,3.0,5.0,4.0,4.0,4.0,True
44121952,16,10.0,7.0,7.0,3.0,5.0,5.0,,3.0,3.0,5.0,4.0,4.0,4.0,True
44121952,17,10.0,7.0,7.0,3.0,5.0,5.0,,3.0,3.0,5.0,4.0,4.0,4.0,True
44121952,19,10.0,7.0,7.0,3.0,5.0,5.0,,3.0,3.0,5.0,4.0,4.0,4.0,True
44121952,20,10.0,7.0,7.0,3.0,5.0,5.0,,3.0,3.0,5.0,4.0,4.0,4.0,True
44121952,21,10.0,7.0,7.0,3.0,5.0,5.0,,3.0,3.0,5.0,4.0,4.0,4.0,True
44121952,22,10.0,7.0,7.0,3.0,5.0,5.0,,3.0,3.0,5.0,4.0,4.0,4.0,True
44121952,23,10.0,7.0,7.0,3.0,5.0,5.0,,3.0,3.0,5.0,4.0,4.0,4.0,True
44121952,25,10.0,7.0,7.0,3.0,5.0,5.0,,3.0,3.0,5.0,4.0,4.0,4.0,True
44121952,26,10.0,7.0,7.0,3.0,5.0,5.0,,3.0,3.0,5.0,4.0,4.0,4.0,True
44121952,27,10.0,7.0,7.0,3.0,5.0,5.0,,3.0,3.0,5.0,4.0,4.0,4.0,True
44121952,28,10.0,7.0,7.0,3.0,5.0,5.0,,3.0,3.0,5.0,4.0,4.0,4.0,True
44121952,29,10.0,7.0,7.0,3.0,5.0,5.0,,3.0,3.0,5.0,4.0,4.0,4.0,True
44121958,1,7.0,3.0,4.0,3.0,5.0,7.0,,3.0,3.0,9.0,3.0,3.0,5.0,True
44121958,2,7.0,3.0,4.0,3.0,5.0,7.0,,3.0,3.0,9.0,3.0,3.0,5.0,True
44121958,3,7.0,3.0,4.0,3.0,5.0,7.0,,3.0,3.0,9.0,3.0,3.0,5.0,True
44121958,4,7.0,3.0,4.0,3.0,5.0,7.0,,3.0,3.0,9.0,3.0,3.0,5.0,True
44121958,5,7.0,3.0,4.0,3.0,5.0,7.0,,3.0,3.0,9.0,3.0,3.0,5.0,True
44121958,7,7.0,3.0,4.0,3.0,5.0,7.0,,3.0,3.0,9.0,3.0,3.0,5.0,True
44121958,8,7.0,3.0,4.0,3.0,5.0,7.0,,3.0,3.0,9.0,3.0,3.0,5.0,True
44121958,9,7.0,3.0,4.0,3.0,5.0,7.0,,3.0,3.0,9.0,3.0,3.0,5.0,True
44121958,10,7.0,3.0,4.0,3.0,5.0,7.0,,3.0,3.0,9.0,3.0,3.0,5.0,True
44121958,11,7.0,3.0,4.0,3.0,5.0,7.0,,3.0,3.0,9.0,3.0,3.0,5.0,True
44121958,13,7.0,3.0,4.0,3.0,5.0,7.0,,3.0,3.0,9.0,3.0,3.0,5.0,True
44121958,14,7.0,3.0,4.0,3.0,5.0,7.0,,3.0,3.0,9.0,3.0,3.0,5.0,True
44121958,15,7.0,3.0,4.0,3.0,5.0,7.0,,3.0,3.0,9.0,3.0,3.0,5.0,True
44121958,16,7.0,3.0,4.0,3.0,5.0,7.0,,3.0,3.0,9.0,3.0,3.0,5.0,True
44121958,17,7.0,3.0,4.0,3.0,5.0,7.0,,3.0,3.0,9.0,3.0,3.0,5.0,True
44121958,19,7.0,3.0,4.0,3.0,5.0,7.0,,3.0,3.0,9.0,3.0,3.0,5.0,True
44121958,20,7.0,3.0,4.0,3.0,5.0,7.0,,3.0,3.0,9.0,3.0,3.0,5.0,True
44121958,21,7.0,3.0,4.0,3.0,5.0,7.0,,3.0,3.0,9.0,3.0,3.0,5.0,True
44121958,22,7.0,3.0,4.0,3.0,5.0,7.0,,3.0,3.0,9.0,3.0,3.0,5.0,True
44121958,23,7.0,3.0,4.0,3.0,5.0,7.0,,3.0,3.0,9.0,3.0,3.0,5.0,True
44121958,25,7.0,3.0,4.0,3.0,5.0,7.0,,3.0,3.0,9.0,3.0,3.0,5.0,True
44121958,26,7.0,3.0,4.0,3.0,5.0,7.0,,3.0,3.0,9.0,3.0,3.0,5.0,True
44121958,27,7.0,3.0,4.0,3.0,5.0,7.0,,3.0,3.0,9.0,3.0,3.0,5.0,True
44121958,28,7.0,3.0,3.0,3.0,5.0,7.0,,3.0,3.0,9.0,3.0,3.0,5.0,True
44121958,29,7.0,3.0,3.0,3.0,5.0,7.0,,3.0,3.0,9.0,3.0,3.0,5.0,True
44121959,1,5.0,3.0,5.0,3.0,4.0,6.0,,3.0,3.0,11.0,3.0,3.0,4.0,True
44121959,2,5.0,3.0,5.0,3.0,4.0,6.0,,3.0,3.0,11.0,3.0,3.0,4.0,True
44121959,3,5.0,3.0,5.0,3.0,4.0,6.0,,3.0,3.0,11.0,3.0,3.0,4.0,True
44121959,4,5.0,3.0,5.0,3.0,4.0,6.0,,3.0,3.0,11.0,3.0,3.0,4.0,True
44121959,5,5.0,3.0,5.0,3.0,4.0,6.0,,3.0,3.0,11.0,3.0,3.0,4.0,True
44121959,7,5.0,3.0,5.0,3.0,4.0,6.0,,3.0,3.0,11.0,3.0,3.0,4.0,True
44121959,8,5.0,3.0,5.0,3.0,4.0,6.0,,3.0,3.0,11.0,3.0,3.0,4.0,True
44121959,9,5.0,3.0,5.0,3.0,4.0,6.0,,3.0,3.0,11.0,3.0,3.0,4.0,True
44121959,10,5.0,3.0,5.0,3.0,4.0,6.0,,3.0,3.0,11.0,3.0,3.0,4.0,True
44121959,11,5.0,3.0,5.0,3.0,4.0,6.0,,3.0,3.0,11.0,3.0,3.0,4.0,True
44121959,13,5.0,3.0,5.0,3.0,4.0,6.0,,3.0,3.0,11.0,3.0,3.0,4.0,True
44121959,14,5.0,3.0,5.0,3.0,4.0,6.0,,3.0,3.0,11.0,3.0,3.0,4.0,True
44121959,15,5.0,3.0,5.0,3.0,4.0,6.0,,3.0,3.0,11.0,3.0,3.0,4.0,True
44121959,16,5.0,3.0,5.0,3.0,4.0,6.0,,3.0,3.0,11.0,3.0,3.0,4.0,True
44121959,17,5.0,3.0,5.0,3.0,4.0,6.0,,3.0,3.0,11.0,3.0,3.0,4.0,True
44121959,19,5.0,3.0,4.0,3.0,4.0,6.0,,3.0,3.0,11.0,3.0,3.0,4.0,True
44121959,20,5.0,3.0,4.0,3.0,4.0,6.0,,3.0,3.0,11.0,3.0,3.0,4.0,True
44121959,21,5.0,3.0,4.0,3.0,4.0,6.0,,3.0,3.0,11.0,3.0,3.0,4.0,True
44121959,22,5.0,3.0,4.0,3.0,4.0,6.0,,3.0,3.0,11.0,3.0,3.0,4.0,True
44121959,23,5.0,3.0,4.0,3.0,4.0,6.0,,3.0,3.0,11.0,3.0,3.0,4.0,True
44121959,25,5.0,3.0,5.0,3.0,4.0,6.0,,3.0,3.0,11.0,3.0,3.0,4.0,True
44121959,26,5.0,3.0,5.0,3.0,4.0,6.0,,3.0,3.0,11.0,3.0,3.0,4.0,True
44121959,27,5.0,3.0,5.0,3.0,4.0,6.0,,3.0,3.0,11.0,3.0,3.0,4.0,True
44121959,28,5.0,3.0,5.0,3.0,4.0,6.0,,3.0,3.0,11.0,3.0,3.0,4.0,True
44121959,29,5.0,3.0,5.0,3.0,4.0,6.0,,3.0,3.0,11.0,3.0,3.0,4.0,True
44121960,1,10.0,4.0,4.0,3.0,8.0,5.0,,4.0,3.0,10.0,3.0,3.0,4.0,True
44121960,2,10.0,4.0,4.0,3.0,8.0,5.0,,4.0,3.0,10.0,3.0,3.0,4.0,True
44121960,3,10.0,4.0,4.0,3.0,8.0,5.0,,4.0,3.0,10.0,3.0,3.0,4.0,True
44121960,4,10.0,4.0,4.0,3.0,8.0,5.0,,4.0,3.0,10.0,3.0,3.0,4.0,True
44121960,5,10.0,4.0,4.0,3.0,8.0,5.0,,4.0,3.0,10.0,3.0,3.0,4.0,True
44121960,7,10.0,4.0,4.0,3.0,8.0,5.0,,4.0,3.0,10.0,3.0,3.0,4.0,True
44121960,8,10.0,4.0,4.0,3.0,8.0,5.0,,4.0,3.0,10.0,3.0,3.0,4.0,True
44121960,9,10.0,4.0,4.0,3.0,8.0,5.0,,4.0,3.0,10.0,3.0,3.0,4.0,True
44121960,10,10.0,4.0,4.0,3.0,8.0,5.0,,4.0,3.0,10.0,3.0,3.0,4.0,True
44121960,11,10.0,4.0,4.0,3.0,8.0,5.0,,4.0,3.0,10.0,3.0,3.0,4.0,True
44121960,13,10.0,4.0,4.0,3.0,8.0,5.0,,4.0,3.0,10.0,3.0,3.0,4.0,True
44121960,14,10.0,4.0,4.0,3.0,8.0,5.0,,4.0,3.0,10.0,3.0,3.0,4.0,True
44121960,15,10.0,4.0,4.0,3.0,8.0,5.0,,4.0,3.0,10.0,3.0,3.0,4.0,True
44121960,16,10.0,4.0,4.0,3.0,8.0,5.0,,4.0,3.0,10.0,3.0,3.0,4.0,True
44121960,17,10.0,4.0,4.0,3.0,8.0,5.0,,4.0,3.0,10.0,3.0,3.0,4.0,True
44121960,19,10.0,4.0,4.0,3.0,8.0,5.0,,4.0,3.0,10.0,3.0,3.0,4.0,True
44121960,20,10.0,4.0,4.0,3.0,8.0,5.0,,4.0,3.0,10.0,3.0,3.0,4.0,True
44121960,21,10.0,4.0,4.0,3.0,8.0,5.0,,4.0,3.0,10.0,3.0,3.0,4.0,True
44121960,22,10.0,4.0,4.0,3.0,8.0,5.0,,4.0,3.0,10.0,3.0,3.0,4.0,True
44121960,23,10.0,4.0,4.0,3.0,8.0,5.0,,4.0,3.0,10.0,3.0,3.0,4.0,True
44121960,25,10.0,4.0,4.0,3.0,8.0,5.0,,4.0,3.0,10.0,3.0,3.0,4.0,True
44121960,26,10.0,4.0,4.0,3.0,8.0,5.0,,4.0,3.0,10.0,3.0,3.0,4.0,True
44121960,27,10.0,4.0,4.0,3.0,8.0,4.0,,4.0,3.0,10.0,3.0,3.0,4.0,True
44121960,28,10.0,4.0,4.0,3.0,8.0,4.0,,4.0,3.0,10.0,3.0,3.0,4.0,True
44121960,29,10.0,4.0,3.0,3.0,8.0,4.0,,4.0,3.0,10.0,3.0,3.0,4.0,True
44121963,1,8.0,4.0,5.0,3.0,9.0,7.0,,3.0,3.0,7.0,3.0,3.0,3.0,True
44121963,2,8.0,4.0,5.0,3.0,9.0,7.0,,3.0,3.0,7.0,3.0,3.0,3.0,True
44121963,3,8.0,4.0,5.0,3.0,9.0,7.0,,3.0,3.0,7.0,3.0,3.0,3.0,True
44121963,4,8.0,4.0,5.0,3.0,9.0,7.0,,3.0,3.0,7.0,3.0,3.0,3.0,True
44121963,5,8.0,4.0,5.0,3.0,9.0,7.0,,3.0,3.0,7.0,3.0,3.0,3.0,True
44121963,7,8.0,4.0,5.0,3.0,9.0,7.0,,3.0,3.0,7.0,3.0,3.0,3.0,True
44121963,8,8.0,4.0,5.0,3.0,9.0,7.0,,3.0,3.0,7.0,3.0,3.0,3.0,True
44121963,9,8.0,4.0,5.0,3.0,9.0,7.0,,3.0,3.0,7.0,3.0,3.0,3.0,True
44121963,10,8.0,4.0,5.0,3.0,9.0,7.0,,3.0,3.0,7.0,3.0,3.0,3.0,True
44121963,11,8.0,4.0,5.0,3.0,9.0,7.0,,3.0,3.0,7.0,3.0,3.0,3.0,True
44121963,13,8.0,4.0,5.0,3.0,9.0,7.0,,3.0,3.0,7.0,3.0,3.0,3.0,True
44121963,14,8.0,4.0,5.0,3.0,9.0,7.0,,3.0,3.0,7.0,3.0,3.0,3.0,True
44121963,15,8.0,4.0,5.0,3.0,9.0,7.0,,3.0,3.0,7.0,3.0,3.0,3.0,True
44121963,16,8.0,4.0,5.0,3.0,9.0,7.0,,3.0,3.0,7.0,3.0,3.0,3.0,True
44121963,17,8.0,4.0,5.0,3.0,9.0,7.0,,3.0,3.0,7.0,3.0,3.0,3.0,True
44121963,19,8.0,4.0,5.0,3.0,9.0,7.0,,3.0,3.0,7.0,3.0,3.0,3.0,True
44121963,20,8.0,4.0,5.0,3.0,9.0,7.0,,3.0,3.0,7.0,3.0,3.0,3.0,True
44121963,21,8.0,4.0,5.0,3.0,9.0,7.0,,3.0,3.0,7.0,3.0,3.0,3.0,True
44121963,22,8.0,4.0,5.0,3.0,9.0,7.0,,3.0,3.0,7.0,3.0,3.0,3.0,True
44121963,23,8.0,4.0,5.0,3.0,9.0,7.0,,3.0,3.0,7.0,3.0,3.0,3.0,True
44121963,25,8.0,4.0,5.0,3.0,9.0,7.0,,3.0,3.0,7.0,3.0,3.0,3.0,True
44121963,26,8.0,4.0,5.0,3.0,9.0,7.0,,3.0,3.0,7.0,3.0,3.0,3.0,True
44121963,27,8.0,4.0,5.0,3.0,9.0,7.0,,3.0,3.0,7.0,3.0,3.0,3.0,True
44121963,28,8.0,4.0,5.0,3.0,9.0,7.0,,3.0,3.0,7.0,3.0,3.0,3.0,True
44121963,29,8.0,4.0,5.0,3.0,9.0,7.0,,3.0,3.0,7.0,3.0,3.0,3.0,True
44121969,1,11.0,4.0,6.0,3.0,6.0,3.0,,3.0,3.0,7.0,4.0,3.0,4.0,True
44121969,2,11.0,4.0,6.0,3.0,6.0,3.0,,3.0,3.0,7.0,4.0,3.0,4.0,True
44121969,3,11.0,4.0,6.0,3.0,6.0,3.0,,3.0,3.0,7.0,4.0,3.0,4.0,True
44121969,4,11.0,4.0,6.0,3.0,6.0,3.0,,3.0,3.0,7.0,4.0,3.0,4.0,True
44121969,5,11.0,4.0,6.0,3.0,6.0,3.0,,3.0,3.0,7.0,3.0,3.0,4.0,True
44121969,7,11.0,4.0,6.0,3.0,6.0,3.0,,3.0,3.0,7.0,4.0,3.0,4.0,True
44121969,8,11.0,4.0,6.0,3.0,6.0,3.0,,3.0,3.0,7.0,4.0,3.0,4.0,True
44121969,9,11.0,4.0,6.0,3.0,6.0,3.0,,3.0,3.0,7.0,4.0,3.0,4.0,True
44121969,10,11.0,4.0,6.0,3.0,6.0,3.0,,3.0,3.0,7.0,4.0,3.0,4.0,True
44121969,11,11.0,4.0,6.0,3.0,6.0,3.0,,3.0,3.0,7.0,4.0,3.0,4.0,True
44121969,13,11.0,4.0,6.0,3.0,6.0,3.0,,3.0,3.0,7.0,4.0,3.0,4.0,True
44121969,14,11.0,4.0,6.0,3.0,6.0,3.0,,3.0,3.0,7.0,4.0,3.0,4.0,True
44121969,15,11.0,4.0,6.0,3.0,6.0,3.0,,3.0,3.0,7.0,4.0,3.0,4.0,True
44121969,16,11.0,4.0,6.0,3.0,6.0,3.0,,3.0,3.0,7.0,4.0,3.0,4.0,True
44121969,17,11.0,4.0,6.0,3.0,6.0,3.0,,3.0,3.0,7.0,4.0,3.0,4.0,True
44121969,19,11.0,4.0,6.0,3.0,6.0,3.0,,3.0,3.0,7.0,4.0,3.0,4.0,True
44121969,20,11.0,4.0,6.0,3.0,6.0,3.0,,3.0,3.0,7.0,4.0,3.0,4.0,True
44121969,21,11.0,4.0,6.0,3.0,6.0,3.0,,3.0,3.0,7.0,4.0,3.0,4.0,True
44121969,22,11.0,4.0,6.0,3.0,6.0,3.0,,3.0,3.0,7.0,3.0,3.0,4.0,True
44121969,23,11.0,4.0,6.0,3.0,6.0,3.0,,3.0,3.0,7.0,4.0,3.0,4.0,True
44121969,25,11.0,4.0,6.0,3.0,6.0,3.0,,3.0,3.0,7.0,4.0,3.0,4.0,True
44121969,26,11.0,4.0,6.0,3.0,6.0,3.0,,3.0,3.0,7.0,4.0,3.0,4.0,True
44121969,27,11.0,4.0,6.0,3.0,6.0,3.0,,3.0,3.0,7.0,4.0,3.0,4.0,True
44121969,28,11.0,4.0,6.0,3.0,6.0,3.0,,3.0,3.0,7.0,4.0,3.0,4.0,True
44121969,29,11.0,4.0,6.0,3.0,6.0,3.0,,3.0,3.0,7.0,4.0,3.0,4.0,True
44121971,1,6.0,6.0,4.0,3.0,4.0,5.0,,3.0,3.0,12.0,4.0,3.0,5.0,True
44121971,2,6.0,6.0,4.0,3.0,4.0,5.0,,3.0,3.0,12.0,4.0,3.0,5.0,True
44121971,3,6.0,6.0,4.0,3.0,4.0,5.0,,3.0,3.0,12.0,4.0,3.0,5.0,True
44121971,4,6.0,6.0,4.0,3.0,4.0,5.0,,3.0,3.0,12.0,4.0,3.0,5.0,True
44121971,5,6.0,6.0,4.0,3.0,4.0,5.0,,3.0,3.0,12.0,4.0,3.0,5.0,True
44121971,7,6.0,6.0,4.0,3.0,4.0,5.0,,3.0,3.0,12.0,4.0,3.0,5.0,True
44121971,8,6.0,6.0,4.0,3.0,4.0,5.0,,3.0,3.0,12.0,4.0,3.0,5.0,True
44121971,9,6.0,6.0,4.0,3.0,4.0,5.0,,3.0,3.0,12.0,4.0,3.0,5.0,True
44121971,10,6.0,6.0,4.0,3.0,4.0,5.0,,3.0,3.0,12.0,4.0,3.0,5.0,True
44121971,11,6.0,6.0,4.0,3.0,4.0,5.0,,3.0,3.0,12.0,4.0,3.0,5.0,True
44121971,13,6.0,6.0,4.0,3.0,4.0,5.0,,3.0,3.0,12.0,4.0,3.0,5.0,True
44121971,14,6.0,6.0,4.0,3.0,4.0,5.0,,3.0,3.0,12.0,4.0,3.0,5.0,True
44121971,15,6.0,6.0,4.0,3.0,4.0,5.0,,3.0,3.0,12.0,4.0,3.0,5.0,True
44121971,16,6.0,6.0,4.0,3.0,4.0,5.0,,3.0,3.0,12.0,3.0,3.0,5.0,True
44121971,17,6.0,6.0,4.0,3.0,4.0,5.0,,3.0,3.0,12.0,4.0,3.0,5.0,True
44121971,19,6.0,6.0,4.0,3.0,4.0,5.0,,3.0,3.0,12.0,4.0,3.0,5.0,True
44121971,20,6.0,6.0,4.0,3.0,4.0,5.0,,3.0,3.0,12.0,4.0,3.0,5.0,True
44121971,21,6.0,6.0,4.0,3.0,4.0,5.0,,3.0,3.0,12.0,4.0,3.0,5.0,True
44121971,22,6.0,6.0,4.0,3.0,4.0,5.0,,3.0,3.0,12.0,4.0,3.0,5.0,True
44121971,23,6.0,6.0,4.0,3.0,4.0,5.0,,3.0,3.0,12.0,4.0,3.0,5.0,True
44121971,25,5.0,6.0,4.0,3.0,4.0,5.0,,3.0,3.0,12.0,4.0,3.0,5.0,True
44121971,26,5.0,6.0,4.0,3.0,4.0,5.0,,3.0,3.0,12.0,4.0,3.0,5.0,True
44121971,27,5.0,6.0,4.0,3.0,4.0,5.0,,3.0,3.0,12.0,4.0,3.0,5.0,True
44121971,28,5.0,6.0,4.0,3.0,4.0,5.0,,3.0,3.0,12.0,4.0,3.0,5.0,True
44121971,29,5.0,6.0,4.0,3.0,4.0,5.0,,3.0,3.0,12.0,4.0,3.0,5.0,True
44121975,1,11.0,4.0,4.0,3.0,9.0,5.0,,3.0,4.0,10.0,4.0,3.0,4.0,True
44121975,2,11.0,4.0,4.0,3.0,9.0,5.0,,3.0,4.0,10.0,4.0,3.0,4.0,True
44121975,3,11.0,4.0,4.0,3.0,9.0,5.0,,3.0,4.0,10.0,4.0,3.0,4.0,True
44121975,4,11.0,4.0,4.0,3.0,9.0,5.0,,3.0,4.0,10.0,4.0,3.0,4.0,True
44121975,5,11.0,4.0,4.0,3.0,9.0,5.0,,3.0,4.0,10.0,4.0,3.0,4.0,True
44121975,7,11.0,4.0,4.0,3.0,9.0,5.0,,3.0,4.0,10.0,4.0,3.0,4.0,True
44121975,8,11.0,4.0,4.0,3.0,9.0,5.0,,3.0,4.0,10.0,4.0,3.0,4.0,True
44121975,9,11.0,4.0,4.0,3.0,9.0,5.0,,3.0,4.0,10.0,4.0,3.0,4.0,True
44121975,10,11.0,4.0,4.0,3.0,9.0,5.0,,3.0,4.0,10.0,3.0,3.0,4.0,True
44121975,11,11.0,4.0,4.0,3.0,9.0,5.0,,3.0,4.0,10.0,4.0,3.0,4.0,True
44121975,13,11.0,4.0,4.0,3.0,9.0,5.0,,3.0,4.0,10.0,4.0,3.0,4.0,True
44121975,14,11.0,4.0,4.0,3.0,9.0,5.0,,3.0,4.0,10.0,4.0,3.0,4.0,True
44121975,15,11.0,4.0,4.0,3.0,9.0,5.0,,3.0,4.0,10.0,4.0,3.0,4.0,True
44121975,16,11.0,4.0,4.0,3.0,9.0,5.0,,3.0,4.0,10.0,4.0,3.0,4.0,True
44121975,17,11.0,4.0,4.0,3.0,9.0,5.0,,3.0,4.0,10.0,4.0,3.0,4.0,True
44121975,19,11.0,4.0,4.0,3.0,9.0,5.0,,3.0,4.0,10.0,4.0,3.0,4.0,True
44121975,20,11.0,4.0,4.0,3.0,9.0,5.0,,3.0,4.0,10.0,4.0,3.0,4.0,True
44121975,21,11.0,4.0,4.0,3.0,9.0,5.0,,3.0,4.0,10.0,4.0,3.0,4.0,True
44121975,22,11.0,4.0,4.0,3.0,9.0,5.0,,3.0,4.0,10.0,4.0,3.0,4.0,True
44121975,23,11.0,4.0,4.0,3.0,9.0,5.0,,3.0,4.0,10.0,4.0,3.0,4.0,True
44121975,25,11.0,4.0,4.0,3.0,9.0,5.0,,3.0,4.0,10.0,4.0,3.0,4.0,True
44121975,26,11.0,4.0,4.0,3.0,9.0,5.0,,3.0,4.0,10.0,4.0,3.0,4.0,True
44121975,27,11.0,4.0,4.0,3.0,9.0,5.0,,3.0,4.0,10.0,4.0,3.0,4.0,True
44121975,28,11.0,4.0,4.0,3.0,9.0,5.0,,3.0,4.0,10.0,4.0,3.0,4.0,True
44121975,29,11.0,4.0,4.0,3.0,9.0,5.0,,3.0,4.0,10.0,4.0,3.0,4.0,True
44121982,1,9.0,4.0,4.0,3.0,5.0,5.0,,3.0,3.0,11.0,5.0,3.0,3.0,True
44121982,2,9.0,4.0,4.0,3.0,5.0,5.0,,3.0,3.0,11.0,5.0,3.0,3.0,True
44121982,3,9.0,4.0,4.0,3.0,5.0,5.0,,3.0,3.0,11.0,5.0,3.0,3.0,True
44121982,4,9.0,4.0,4.0,3.0,5.0,5.0,,3.0,3.0,11.0,5.0,3.0,3.0,True
44121982,5,9.0,4.0,4.0,3.0,5.0,5.0,,3.0,3.0,11.0,5.0,3.0,3.0,True
44121982,7,9.0,5.0,4.0,3.0,5.0,5.0,,3.0,3.0,11.0,5.0,3.0,3.0,True
44121982,8,9.0,5.0,4.0,3.0,5.0,5.0,,3.0,3.0,11.0,5.0,3.0,3.0,True
44121982,9,9.0,5.0,4.0,3.0,5.0,5.0,,3.0,3.0,11.0,5.0,3.0,3.0,True
44121982,10,9.0,5.0,4.0,3.0,5.0,5.0,,3.0,3.0,11.0,5.0,3.0,3.0,True
44121982,11,9.0,5.0,4.0,3.0,5.0,5.0,,3.0,3.0,11.0,5.0,3.0,3.0,True
44121982,13,9.0,5.0,4.0,3.0,5.0,5.0,,3.0,3.0,11.0,5.0,3.0,3.0,True
44121982,14,9.0,5.0,4.0,3.0,5.0,5.0,,3.0,3.0,11.0,5.0,3.0,3.0,True
44121982,15,9.0,5.0,4.0,3.0,5.0,5.0,,3.0,3.0,11.0,5.0,3.0,3.0,True
44121982,16,9.0,5.0,4.0,3.0,5.0,5.0,,3.0,3.0,11.0,5.0,3.0,3.0,True
44121982,17,9.0,5.0,4.0,3.0,5.0,5.0,,3.0,3.0,11.0,5.0,3.0,3.0,True
44121982,19,9.0,5.0,4.0,3.0,5.0,5.0,,3.0,3.0,11.0,4.0,3.0,3.0,True
44121982,20,9.0,5.0,4.0,3.0,5.0,5.0,,3.0,3.0,11.0,5.0,3.0,3.0,True
44121982,21,9.0,5.0,4.0,3.0,5.0,5.0,,3.0,3.0,11.0,5.0,3.0,3.0,True
44121982,22,9.0,5.0,4.0,3.0,5.0,5.0,,3.0,3.0,11.0,4.0,3.0,3.0,True
44121982,23,9.0,5.0,4.0,3.0,5.0,5.0,,3.0,3.0,11.0,5.0,3.0,3.0,True
44121982,25,9.0,5.0,4.0,3.0,5.0,5.0,,3.0,3.0,11.0,5.0,3.0,3.0,True
44121982,26,9.0,5.0,4.0,3.0,5.0,5.0,,3.0,3.0,11.0,5.0,3.0,3.0,True
44121982,27,9.0,5.0,4.0,3.0,5.0,5.0,,3.0,3.0,11.0,5.0,3.0,3.0,True
44121982,28,9.0,5.0,4.0,3.0,5.0,5.0,,3.0,3.0,11.0,5.0,3.0,3.0,True
44121982,29,9.0,4.0,4.0,3.0,5.0,5.0,,3.0,3.0,11.0,5.0,3.0,3.0,True
44121983,1,11.0,5.0,3.0,3.0,8.0,5.0,,4.0,3.0,15.0,4.0,3.0,4.0,True
44121983,2,11.0,5.0,3.0,3.0,8.0,5.0,,4.0,3.0,15.0,4.0,3.0,4.0,True
44121983,3,11.0,5.0,3.0,3.0,8.0,5.0,,4.0,3.0,15.0,4.0,3.0,4.0,True
44121983,4,11.0,5.0,3.0,3.0,8.0,5.0,,4.0,3.0,15.0,4.0,3.0,4.0,True
44121983,5,11.0,5.0,3.0,3.0,8.0,5.0,,4.0,3.0,15.0,4.0,3.0,4.0,True
44121983,7,11.0,5.0,3.0,3.0,8.0,5.0,,4.0,3.0,15.0,4.0,3.0,4.0,True
44121983,8,11.0,5.0,3.0,3.0,8.0,5.0,,4.0,3.0,15.0,4.0,3.0,4.0,True
44121983,9,11.0,5.0,3.0,3.0,8.0,5.0,,4.0,3.0,15.0,4.0,3.0,4.0,True
44121983,10,11.0,5.0,3.0,3.0,8.0,5.0,,4.0,3.0,15.0,4.0,3.0,4.0,True
44121983,11,11.0,5.0,3.0,3.0,8.0,5.0,,4.0,3.0,15.0,4.0,3.0,4.0,True
44121983,13,11.0,5.0,3.0,3.0,8.0,5.0,,4.0,3.0,15.0,4.0,3.0,4.0,True
44121983,14,11.0,5.0,3.0,3.0,8.0,5.0,,4.0,3.0,15.0,4.0,3.0,4.0,True
44121983,15,11.0,5.0,3.0,3.0,8.0,5.0,,4.0,3.0,15.0,4.0,3.0,4.0,True
44121983,16,11.0,5.0,3.0,3.0,8.0,5.0,,4.0,3.0,15.0,4.0,3.0,4.0,True
44121983,17,11.0,5.0,3.0,3.0,8.0,5.0,,4.0,3.0,15.0,4.0,3.0,4.0,True
44121983,19,11.0,5.0,3.0,3.0,8.0,5.0,,4.0,3.0,15.0,4.0,3.0,4.0,True
44121983,20,11.0,5.0,3.0,3.0,8.0,5.0,,4.0,3.0,15.0,4.0,3.0,4.0,True
44121983,21,11.0,5.0,3.0,3.0,8.0,5.0,,4.0,3.0,15.0,4.0,3.0,4.0,True
44121983,22,11.0,5.0,3.0,3.0,8.0,5.0,,4.0,3.0,15.0,4.0,3.0,4.0,True
44121983,23,11.0,5.0,3.0,3.0,8.0,5.0,,4.0,3.0,15.0,4.0,3.0,4.0,True
44121983,25,11.0,5.0,3.0,3.0,8.0,5.0,,4.0,3.0,14.0,4.0,3.0,4.0,True
44121983,26,11.0,5.0,3.0,3.0,8.0,5.0,,4.0,3.0,14.0,4.0,3.0,4.0,True
44121983,27,11.0,5.0,3.0,3.0,8.0,5.0,,4.0,3.0,14.0,4.0,3.0,4.0,True
44121983,28,11.0,5.0,3.0,3.0,8.0,5.0,,4.0,3.0,14.0,4.0,3.0,4.0,True
44121983,29,11.0,5.0,3.0,3.0,8.0,5.0,,4.0,3.0,14.0,4.0,3.0,4.0,True
44121988,1,7.0,3.0,3.0,3.0,6.0,8.0,,3.0,3.0,9.0,3.0,4.0,3.0,True
44121988,2,7.0,3.0,3.0,3.0,6.0,8.0,,3.0,3.0,9.0,3.0,4.0,3.0,True
44121988,3,7.0,3.0,3.0,3.0,6.0,8.0,,3.0,3.0,9.0,3.0,4.0,3.0,True
44121988,4,7.0,3.0,3.0,3.0,6.0,8.0,,3.0,3.0,9.0,3.0,4.0,3.0,True
44121988,5,7.0,3.0,3.0,3.0,6.0,8.0,,3.0,3.0,9.0,3.0,4.0,3.0,True
44121988,7,7.0,3.0,3.0,3.0,6.0,8.0,,3.0,3.0,9.0,3.0,4.0,3.0,True
44121988,8,7.0,3.0,3.0,3.0,6.0,8.0,,3.0,3.0,9.0,3.0,4.0,3.0,True
44121988,9,7.0,3.0,3.0,3.0,6.0,8.0,,3.0,3.0,9.0,3.0,4.0,3.0,True
44121988,10,7.0,3.0,3.0,3.0,6.0,8.0,,3.0,3.0,9.0,3.0,4.0,3.0,True
44121988,11,7.0,3.0,3.0,3.0,6.0,8.0,,3.0,3.0,9.0,3.0,4.0,3.0,True
44121988,13,7.0,3.0,3.0,3.0,6.0,8.0,,3.0,3.0,9.0,3.0,4.0,3.0,True
44121988,14,7.0,3.0,3.0,3.0,6.0,8.0,,3.0,3.0,9.0,3.0,4.0,3.0,True
44121988,15,7.0,3.0,3.0,3.0,6.0,8.0,,3.0,3.0,9.0,3.0,4.0,3.0,True
44121988,16,7.0,3.0,3.0,3.0,6.0,8.0,,3.0,3.0,9.0,3.0,4.0,3.0,True
44121988,17,7.0,3.0,3.0,3.0,6.0,8.0,,3.0,3.0,9.0,3.0,4.0,3.0,True
44121988,19,7.0,3.0,3.0,3.0,6.0,8.0,,3.0,3.0,9.0,3.0,4.0,3.0,True
44121988,20,7.0,3.0,3.0,3.0,6.0,8.0,,3.0,3.0,9.0,3.0,4.0,3.0,True
44121988,21,7.0,3.0,3.0,3.0,6.0,8.0,,3.0,3.0,9.0,3.0,4.0,3.0,True
44121988,22,7.0,3.0,3.0,3.0,6.0,8.0,,3.0,3.0,9.0,3.0,4.0,3.0,True
44121988,23,7.0,3.0,3.0,3.0,6.0,8.0,,3.0,3.0,9.0,3.0,4.0,3.0,True
44121988,25,7.0,3.0,3.0,3.0,6.0,8.0,,3.0,3.0,9.0,3.0,4.0,3.0,True
44121988,26,7.0,3.0,3.0,3.0,6.0,8.0,,3.0,3.0,9.0,3.0,4.0,3.0,True
44121988,27,7.0,3.0,3.0,3.0,6.0,8.0,,3.0,3.0,9.0,3.0,4.0,3.0,True
44121988,28,7.0,3.0,3.0,3.0,6.0,8.0,,3.0,3.0,9.0,3.0,4.0,3.0,True
44121988,29,7.0,3.0,3.0,3.0,6.0,8.0,,3.0,3.0,9.0,3.0,4.0,3.0,True
44121997,1,7.0,4.0,4.0,3.0,3.0,4.0,,4.0,4.0,8.0,3.0,3.0,3.0,True
44121997,2,7.0,4.0,4.0,3.0,3.0,4.0,,4.0,4.0,8.0,3.0,3.0,3.0,True
44121997,3,6.0,4.0,4.0,3.0,3.0,4.0,,4.0,4.0,8.0,3.0,3.0,3.0,True
44121997,4,7.0,4.0,4.0,3.0,3.0,4.0,,4.0,4.0,8.0,3.0,3.0,3.0,True
44121997,5,7.0,4.0,4.0,3.0,3.0,4.0,,4.0,4.0,8.0,3.0,3.0,3.0,True
44121997,7,7.0,4.0,4.0,3.0,3.0,4.0,,4.0,4.0,8.0,3.0,3.0,3.0,True
44121997,8,7.0,4.0,4.0,3.0,3.0,4.0,,4.0,4.0,8.0,3.0,3.0,3.0,True
44121997,9,7.0,4.0,4.0,3.0,3.0,4.0,,4.0,4.0,8.0,3.0,3.0,3.0,True
44121997,10,7.0,4.0,4.0,3.0,3.0,4.0,,4.0,4.0,8.0,3.0,3.0,3.0,True
44121997,11,7.0,4.0,4.0,3.0,3.0,4.0,,4.0,4.0,8.0,3.0,3.0,3.0,True
44121997,13,7.0,4.0,4.0,3.0,3.0,4.0,,4.0,4.0,8.0,3.0,3.0,3.0,True
44121997,14,7.0,4.0,4.0,3.0,3.0,4.0,,4.0,4.0,8.0,3.0,3.0,3.0,True
44121997,15,7.0,4.0,4.0,3.0,3.0,4.0,,4.0,4.0,8.0,3.0,3.0,3.0,True
44121997,16,7.0,4.0,4.0,3.0,3.0,4.0,,4.0,4.0,8.0,3.0,3.0,3.0,True
44121997,17,7.0,4.0,4.0,3.0,3.0,4.0,,4.0,4.0,8.0,3.0,3.0,3.0,True
44121997,19,7.0,4.0,4.0,3.0,3.0,4.0,,4.0,4.0,8.0,3.0,3.0,3.0,True
44121997,20,7.0,4.0,4.0,3.0,3.0,4.0,,4.0,4.0,8.0,3.0,3.0,3.0,True
44121997,21,7.0,4.0,4.0,3.0,3.0,4.0,,4.0,4.0,8.0,3.0,3.0,3.0,True
44121997,22,7.0,4.0,4.0,3.0,3.0,4.0,,4.0,4.0,8.0,3.0,3.0,3.0,True
44121997,23,7.0,4.0,4.0,3.0,3.0,4.0,,4.0,4.0,8.0,3.0,3.0,3.0,True
44121997,25,7.0,4.0,4.0,3.0,3.0,4.0,,4.0,4.0,8.0,3.0,3.0,3.0,True
44121997,26,7.0,4.0,4.0,3.0,3.0,4.0,,4.0,4.0,8.0,3.0,3.0,3.0,True
44121997,27,7.0,4.0,4.0,3.0,3.0,4.0,,4.0,4.0,8.0,3.0,3.0,3.0,True
44121997,28,7.0,4.0,4.0,3.0,3.0,4.0,,4.0,4.0,8.0,3.0,3.0,3.0,True
44121997,29,7.0,4.0,4.0,3.0,3.0,4.0,,4.0,4.0,8.0,3.0,3.0,3.0,True
44121998,1,8.0,5.0,5.0,3.0,5.0,4.0,,3.0,3.0,7.0,3.0,3.0,3.0,True
44121998,2,8.0,5.0,5.0,3.0,5.0,4.0,,3.0,3.0,7.0,3.0,3.0,3.0,True
44121998,3,8.0,5.0,5.0,3.0,5.0,4.0,,3.0,3.0,7.0,3.0,3.0,3.0,True
44121998,4,8.0,5.0,5.0,3.0,5.0,4.0,,3.0,3.0,7.0,3.0,3.0,3.0,True
44121998,5,8.0,5.0,5.0,3.0,5.0,4.0,,3.0,3.0,7.0,3.0,3.0,3.0,True
44121998,7,8.0,5.0,5.0,3.0,5.0,4.0,,3.0,3.0,7.0,3.0,3.0,3.0,True
44121998,8,8.0,5.0,5.0,3.0,5.0,4.0,,3.0,3.0,7.0,3.0,3.0,3.0,True
44121998,9,8.0,5.0,5.0,3.0,5.0,4.0,,3.0,3.0,7.0,3.0,3.0,3.0,True
44121998,10,8.0,5.0,5.0,3.0,5.0,4.0,,3.0,3.0,7.0,3.0,3.0,3.0,True
44121998,11,8.0,5.0,5.0,3.0,5.0,4.0,,3.0,3.0,7.0,3.0,3.0,3.0,True
44121998,13,8.0,5.0,5.0,3.0,5.0,4.0,,3.0,3.0,7.0,3.0,3.0,3.0,True
44121998,14,8.0,5.0,5.0,3.0,5.0,4.0,,3.0,3.0,7.0,3.0,3.0,3.0,True
44121998,15,8.0,5.0,5.0,3.0,5.0,4.0,,3.0,3.0,7.0,3.0,3.0,3.0,True
44121998,16,8.0,5.0,5.0,3.0,5.0,4.0,,3.0,3.0,7.0,3.0,3.0,3.0,True
44121998,17,8.0,5.0,5.0,3.0,5.0,4.0,,3.0,3.0,7.0,3.0,3.0,3.0,True
44121998,19,8.0,5.0,5.0,3.0,5.0,4.0,,3.0,3.0,7.0,3.0,3.0,3.0,True
44121998,20,8.0,5.0,5.0,3.0,5.0,4.0,,3.0,3.0,7.0,3.0,3.0,3.0,True
44121998,21,8.0,5.0,5.0,3.0,5.0,4.0,,3.0,3.0,7.0,3.0,3.0,3.0,True
44121998,22,8.0,5.0,5.0,3.0,5.0,4.0,,3.0,3.0,7.0,3.0,3.0,3.0,True
44121998,23,8.0,5.0,5.0,3.0,5.0,4.0,,3.0,3.0,7.0,3.0,3.0,3.0,True
44121998,25,8.0,5.0,5.0,3.0,5.0,4.0,,3.0,3.0,7.0,3.0,3.0,3.0,True
44121998,26,8.0,5.0,5.0,3.0,5.0,4.0,,3.0,3.0,7.0,3.0,3.0,3.0,True
44121998,27,8.0,5.0,5.0,3.0,5.0,4.0,,3.0,3.0,7.0,3.0,3.0,3.0,True
44121998,28,8.0,5.0,5.0,3.0,5.0,4.0,,3.0,3.0,7.0,3.0,3.0,3.0,True
44121998,29,8.0,5.0,5.0,3.0,5.0,4.0,,3.0,3.0,7.0,3.0,3.0,3.0,True
44121999,1,5.0,4.0,4.0,3.0,8.0,5.0,,3.0,3.0,9.0,3.0,3.0,3.0,True
44121999,2,5.0,4.0,4.0,3.0,8.0,5.0,,3.0,3.0,10.0,3.0,3.0,3.0,True
44121999,3,5.0,4.0,4.0,3.0,8.0,5.0,,3.0,3.0,10.0,3.0,3.0,3.0,True
44121999,4,5.0,4.0,4.0,3.0,8.0,5.0,,3.0,3.0,10.0,3.0,3.0,3.0,True
44121999,5,5.0,4.0,4.0,3.0,8.0,5.0,,3.0,3.0,10.0,3.0,3.0,3.0,True
44121999,7,5.0,4.0,4.0,3.0,8.0,5.0,,3.0,3.0,10.0,3.0,3.0,3.0,True
44121999,8,5.0,4.0,4.0,3.0,8.0,5.0,,3.0,3.0,10.0,3.0,3.0,3.0,True
44121999,9,5.0,4.0,4.0,3.0,8.0,5.0,,3.0,3.0,10.0,3.0,3.0,3.0,True
44121999,10,5.0,4.0,4.0,3.0,8.0,5.0,,3.0,3.0,10.0,3.0,3.0,3.0,True
44121999,11,5.0,4.0,4.0,3.0,8.0,5.0,,3.0,3.0,10.0,3.0,3.0,3.0,True
44121999,13,5.0,4.0,4.0,3.0,8.0,5.0,,3.0,3.0,10.0,3.0,3.0,3.0,True
44121999,14,5.0,4.0,4.0,3.0,8.0,5.0,,3.0,3.0,10.0,3.0,3.0,3.0,True
44121999,15,5.0,4.0,4.0,3.0,8.0,5.0,,3.0,3.0,10.0,3.0,3.0,3.0,True
44121999,16,5.0,4.0,4.0,3.0,8.0,5.0,,3.0,3.0,10.0,3.0,3.0,3.0,True
44121999,17,5.0,4.0,4.0,3.0,8.0,5.0,,3.0,3.0,10.0,3.0,3.0,3.0,True
44121999,19,5.0,4.0,4.0,3.0,8.0,5.0,,3.0,3.0,10.0,3.0,3.0,3.0,True
44121999,20,5.0,4.0,4.0,3.0,8.0,5.0,,3.0,3.0,10.0,3.0,3.0,3.0,True
44121999,21,5.0,4.0,4.0,3.0,8.0,5.0,,3.0,3.0,10.0,3.0,3.0,3.0,True
44121999,22,5.0,4.0,4.0,3.0,8.0,5.0,,3.0,3.0,10.0,3.0,3.0,3.0,True
44121999,23,5.0,4.0,4.0,3.0,8.0,5.0,,3.0,3.0,10.0,3.0,3.0,3.0,True
44121999,25,5.0,4.0,4.0,3.0,8.0,5.0,,3.0,3.0,10.0,3.0,3.0,3.0,True
44121999,26,5.0,4.0,4.0,3.0,8.0,5.0,,3.0,3.0,10.0,3.0,3.0,3.0,True
44121999,27,5.0,4.0,4.0,3.0,8.0,5.0,,3.0,3.0,10.0,3.0,3.0,3.0,True
44121999,28,5.0,4.0,4.0,3.0,8.0,5.0,,3.0,3.0,10.0,3.0,3.0,3.0,True
44121999,29,5.0,4.0,4.0,3.0,8.0,5.0,,3.0,3.0,10.0,3.0,3.0,3.0,True
44122007,1,9.0,3.0,3.0,3.0,10.0,4.0,,3.0,3.0,10.0,3.0,4.0,3.0,True
44122007,2,9.0,3.0,3.0,3.0,10.0,4.0,,3.0,3.0,10.0,3.0,4.0,3.0,True
44122007,3,9.0,3.0,3.0,3.0,10.0,4.0,,3.0,3.0,10.0,3.0,4.0,3.0,True
44122007,4,9.0,3.0,3.0,3.0,10.0,4.0,,3.0,3.0,10.0,3.0,4.0,3.0,True
44122007,5,9.0,3.0,3.0,3.0,10.0,4.0,,3.0,3.0,10.0,3.0,4.0,3.0,True
44122007,7,9.0,3.0,3.0,3.0,10.0,4.0,,3.0,3.0,10.0,3.0,4.0,3.0,True
44122007,8,9.0,3.0,3.0,3.0,10.0,4.0,,3.0,3.0,10.0,3.0,4.0,3.0,True
44122007,9,9.0,3.0,3.0,3.0,10.0,4.0,,3.0,3.0,10.0,3.0,4.0,3.0,True
44122007,10,9.0,3.0,3.0,3.0,10.0,4.0,,3.0,3.0,10.0,3.0,4.0,3.0,True
44122007,11,9.0,3.0,3.0,3.0,10.0,4.0,,3.0,3.0,10.0,3.0,4.0,3.0,True
44122007,13,9.0,3.0,3.0,3.0,10.0,4.0,,3.0,3.0,10.0,3.0,4.0,3.0,True
44122007,14,9.0,3.0,3.0,3.0,10.0,4.0,,3.0,3.0,10.0,3.0,4.0,3.0,True
44122007,15,9.0,3.0,3.0,3.0,10.0,4.0,,3.0,3.0,10.0,3.0,4.0,3.0,True
44122007,16,9.0,3.0,3.0,3.0,10.0,4.0,,3.0,3.0,10.0,3.0,4.0,3.0,True
44122007,17,9.0,3.0,3.0,3.0,10.0,4.0,,3.0,3.0,10.0,3.0,4.0,3.0,True
44122007,19,9.0,3.0,3.0,3.0,10.0,4.0,,3.0,3.0,10.0,3.0,4.0,3.0,True
44122007,20,9.0,3.0,3.0,3.0,10.0,4.0,,3.0,3.0,10.0,3.0,4.0,3.0,True
44122007,21,9.0,3.0,3.0,3.0,10.0,4.0,,3.0,3.0,10.0,3.0,4.0,3.0,True
44122007,22,9.0,3.0,3.0,3.0,10.0,4.0,,3.0,3.0,10.0,3.0,4.0,3.0,True
44122007,23,9.0,3.0,3.0,3.0,10.0,4.0,,3.0,3.0,10.0,3.0,4.0,3.0,True
44122007,25,9.0,3.0,3.0,3.0,10.0,4.0,,3.0,3.0,10.0,3.0,4.0,3.0,True
44122007,26,9.0,3.0,3.0,3.0,10.0,4.0,,3.0,3.0,10.0,3.0,4.0,3.0,True
44122007,27,9.0,3.0,3.0,3.0,10.0,4.0,,3.0,3.0,10.0,3.0,4.0,3.0,True
44122007,28,9.0,3.0,3.0,3.0,10.0,4.0,,3.0,3.0,10.0,3.0,4.0,3.0,True
44122007,29,9.0,3.0,3.0,3.0,10.0,4.0,,3.0,3.0,10.0,3.0,4.0,3.0,True
